id,name,category,state,lng,lat
0039718f-408c-49b8-b805-f8a0960d2e52,"EC1",dispersed_camping,UT,-109.8399058,38.1246358
00889078-3773-47aa-b9d0-005a664e2912,"EC3",dispersed_camping,UT,-109.8374868,38.1121219
01cfcecf-85b2-4c82-bd5a-d8df295bf775,"53",campground,AZ,-111.3931451,31.639525
03363a98-c2a4-4f58-90b0-0bdeead7a1fe,"2",campground,CA,-121.0099872,35.9781323
033e4776-ac8c-499c-acd8-1aa2dd6c87a1,"1",campground,CA,-118.4731539,33.3880415
04a4887c-5989-405b-b9c1-aa872041f0c8,"Good2Go",grocery,AZ,-111.7748983,32.8800309
04e00279-ca5c-419d-a63e-90a345013773,"13",campground,AZ,-111.4094679,31.6922573
05d04427-980e-4592-89d1-ff3b5949d797,"6",campground,CA,-118.4064522,33.385439
0a62c24c-81c7-4108-8bca-92aa297cbe71,"3",campground,CA,-116.5808124,32.9065304
0d5ab672-aecb-4d85-b799-1ff5539bc9b7,"16a",campground,CA,-118.4721125,33.3854009
0f04e4d1-8fe2-4439-b5ce-ddf7ff2a810d,"302-005",dispersed_camping,WA,-117.064306179476,48.7587656915047
101c1112-c72c-4bbb-b19f-b1e24b0d5d24,"61",campground,CA,-116.5843813,32.9045321
1177e37d-24cd-4e4f-a039-1576e621ce71,"SR517FRD-002",dispersed_camping,OR,-116.452632885072,45.3823992285837
11ca91e5-5ede-48b1-9d22-516aa5867f75,"70",campground,AZ,-111.4437085,31.575494
1203b386-2a3c-4e0f-9db5-a63e13efb899,"69",campground,AZ,-111.4360213,31.5842936
14acaf1d-6179-4d02-b10f-278f8e023e6e,"12",campground,CA,-118.4737383,33.3863325
14d048ac-07a6-4327-a0b8-82d5de225307,"60",campground,AZ,-111.4437997,31.6316885
14e7d1c2-4252-4164-af2a-e27a5dd3b42a,"58",campground,AZ,-111.465605,31.6506933
164e1bb5-16bf-4ed0-98ad-a7c8ca1c5749,"7-Eleven",grocery,CA,-117.4368968,33.9079259
1743889a-762e-4287-bd9f-51d8e690e2ce,"SC21",campground,UT,-113.640047,37.2039473
1878c982-0d19-40f9-84c5-9d7f0fc96e88,"SC27",campground,UT,-113.64007,37.205374
188fbf14-ed7c-4aae-ae29-528c768792c5,"SC15B",campground,UT,-113.6407311,37.2020337
196e5578-bbfa-4a85-ad63-1981ba1ede98,"A7",picnic_area,UT,-111.5021906,40.022639
19db9a62-aab7-4d05-a540-de873ad4da02,"39",campground,CA,-116.5843649,32.9039035
1a668888-a2c6-4642-b229-ca1f77c85e38,"5",campground,CA,-118.5498592,33.4728587
1c0028bd-1c3f-439c-b88f-04b1062cd509,"7",campground,CA,-118.4731106,33.3868556
1e30b72a-00b1-4d45-b6a2-549582db58a8,"65",campground,AZ,-111.4494539,31.6020108
1e490586-b6ee-4d4f-a3f4-2a21250a12eb,"1103-005",dispersed_camping,WA,-117.07453086364,48.7274740083255
1f1aa06b-0cd3-43a1-8ea0-ae79354eb3e0,"19",campground,CA,-118.4921066,33.4405003
1f46563a-1713-408e-ba86-c14a5d7c16a9,"SR517FRD-001",dispersed_camping,OR,-116.454472785551,45.383083678459
208247a1-e2bc-454b-be69-ea1242de1d91,"51",campground,AZ,-111.4009379,31.6349495
20cc9cb9-333e-4ad0-889d-e790d5f64623,"8",campground,CA,-118.49223,33.4410733
21706059-0d58-4fe1-9716-f956ddb61996,"2",campground,CA,-118.4727609,33.3881927
21a5736d-5769-4404-b385-de756fb2c93a,"2",campground,CA,-116.5810627,32.9066226
2305807d-8b72-4c87-8bf5-878b3f557024,"20",campground,CA,-118.4919845,33.4401377
237692ca-5069-40d0-b9cb-5c6683af531b,"66",campground,AZ,-111.4483948,31.5954454
23c7a759-1773-4011-98ad-f1596ffb1c3e,"68",campground,AZ,-111.4525196,31.5845677
24acc5cd-8e75-445a-be03-e3507de1c83d,"7-Eleven",grocery,CA,-115.4872031,32.6636303
2554ffd4-4cfb-47f9-9eb5-bcdcc5e8d333,"1103-001",dispersed_camping,WA,-117.073163503446,48.7277470784924
257ec548-814d-40a6-bde4-2190d5b2f254,"8",campground,CA,-118.5509562,33.472834
25babbb9-8d85-45b9-9c17-d70d7198ca65,"5",campground,CA,-116.5806229,32.9062906
266f1b73-560e-49e1-832c-32f5d40e1824,"31",campground,AZ,-111.4386391,31.6525467
2889a9b2-149a-4339-b2e5-d18d0c7a16c2,"15a",campground,CA,-118.4728943,33.3857108
2921e65a-13a7-41ff-8ecf-6161dad66767,"7",campground,AZ,-111.5117616,31.7531949
2c81ddae-434b-4f08-ba9d-a015e482b112,"17",campground,AZ,-111.4359004,31.6870831
2e472fa2-0515-4654-bd1f-8490e6f540b8,"10",campground,AZ,-111.3963044,31.6836337
2f466f79-716e-4a35-b67f-19d6af7e0fe1,"25",campground,AZ,-111.4083195,31.6771967
30931752-42af-4058-86fe-09dbf7c74e4e,"8",campground,CA,-118.4733921,33.3870315
30c0614f-d2e1-49db-a116-74344b25ea40,"BS1",dispersed_camping,UT,-109.8104818,38.1363891
31d24c9d-21ff-4f21-bc0c-f8ca796bc587,"2",trailhead,WA,-124.1143283,46.8549008
32415c75-78cf-45d2-afb8-6ec9814ea49b,"10",campground,CA,-118.4924566,33.4412982
33f05f7e-5cef-46e8-ada7-d88bca26bd76,"42",campground,AZ,-111.4236673,31.6640347
34936414-ed42-4422-bb63-3e5635ffac53,"4",campground,CA,-118.4057589,33.3855667
34aa4cb3-279e-4c80-86d0-ce3f2bbf6e71,"78",campground,CA,-116.5827506,32.903605
34bf65a5-608b-4620-9b3c-8bcf1fe7f2dd,"52",campground,AZ,-111.3960741,31.6414082
34f3e011-20d4-4912-890e-5a7fda8755e6,"6",campground,CA,-116.1218211,34.0004198
35f1bf81-fbf6-4d1e-9b95-857edb235983,"2119-001",dispersed_camping,WA,-117.090289315089,48.6000399181701
3881c055-0c10-4c1b-a05e-75ccc94123e8,"4",picnic_area,WA,-122.7797464,48.643328
38ddb36f-7d2f-473a-9310-4b24995c4a0e,"34",campground,AZ,-111.4390276,31.6509953
39416dd9-b08f-4c3e-9fb6-3bc347b41446,"46",campground,AZ,-111.4202239,31.6378023
3bb032e8-5c70-4799-b123-14c7c630db5e,"78",campground,AZ,-111.5706451,31.5331328
3e15e087-8fa6-4417-82b4-8b813a50a9c2,"JR3",toilet,CA,-116.0625752,33.9912739
3e1f8dc7-f1a0-4bf5-b0de-59b15408bf8f,"CS0571B",campground,NV,-118.2656575,35.1195509
3e63015c-2688-4a83-a569-3606c863a9f7,"6",campground,AZ,-111.5084034,31.7532085
3f721e85-9349-4754-932e-680cc048f406,"1",picnic_area,WA,-122.7801127,48.6432909
3fa5d2d3-0972-40ba-a242-bd67b0d707da,"A1",picnic_area,CA,-122.0610853,37.0406607
407a91c1-3391-4d24-a2e3-34595d5a6ab8,"46",campground,CA,-116.5840891,32.9051588
4085fed4-f51f-4495-8bc1-c0148a04d1d3,"302-004",dispersed_camping,WA,-117.052947124657,48.7882416246865
41cadc34-875c-428f-909a-5807ce5c2d5f,"9",campground,CA,-118.4735359,33.386672
428b9b48-64ae-4bd5-97c8-21fde8bb23fb,"38",campground,AZ,-111.4400881,31.6432985
464f9550-261a-4735-a1c1-75a5818e2dc5,"44",campground,AZ,-111.4221803,31.6525435
466101dd-cf80-47ac-8a0e-efb79a707319,"6",campground,CA,-121.0102726,35.9788353
468c0bbb-6f62-4a8d-ba14-1ac1e2953aad,"48",campground,AZ,-111.411129,31.6288774
46a366ff-d0f5-45cc-848c-6d4c9c555681,"308-001",dispersed_camping,WA,-117.090429870812,48.6231232396878
48d2cacb-3a5f-4b8a-895a-0572cb087f63,"SR517RD-001",dispersed_camping,OR,-116.475798686588,45.3679623451751
4924d1fd-a200-4711-80dd-40d058a0e8cd,"50",campground,AZ,-111.4032355,31.6343076
4b8fedab-8c4e-4518-b573-0a40dbba44ed,"5",campground,AZ,-111.4653014,31.7516721
4c0729b7-c99e-465a-a0e6-8f724077f525,"JR4",toilet,CA,-116.0606538,33.9915083
4c0b52bb-00b4-4fea-98c7-752dcfa45830,"CP1",dispersed_camping,UT,-109.8460596,38.1140778
4c168e0c-acd5-4f4e-8f4a-02ffd110d2d0,"23",campground,CA,-116.584435,32.9057202
4c4e69c8-7d5d-4ffa-8912-7ffde016fcd9,"55",campground,AZ,-111.3866493,31.630978
4f01f430-bda3-49e8-943f-f2a8d9c8a5a0,"7",campground,CA,-118.4921937,33.4414628
4faf9697-3265-45d5-a711-28f5a61c4048,"5",campground,CA,-118.4062041,33.3853606
4fe3ed98-7b8b-4987-b1e6-8b279b5e4383,"66",campground,AZ,-111.4574576,31.5839874
514d12c2-febf-4dbd-a168-282b3951b669,"1154-001",dispersed_camping,WA,-117.062197579939,48.7622403819637
537809e4-1268-4db6-a137-1a6976d10df6,"14b",campground,CA,-118.4708132,33.3860662
53dfe26e-9f72-4739-86fb-e27dbf8b5c48,"6",campground,CA,-116.5802449,32.9064926
53f9aedc-1a2d-4687-b922-8d147a8c5b6c,"5",picnic_area,WA,-122.7795935,48.6433325
5420ada1-fabc-41e2-90f5-fd77cd9ce671,"LYM-3",campground,AZ,-109.3755878,34.3602258
548dff79-6e42-40ef-b92b-d912a43cc11d,"CP4",dispersed_camping,UT,-109.8504723,38.107431
54d0964f-04d0-426a-b1b4-a157f0381d5c,"6",campground,CA,-118.4919805,33.4414997
57b2fe0e-4419-48fa-a1fe-46f9d1c9f445,"302E-001",dispersed_camping,WA,-117.058089694656,48.7441853112194
5c3ad308-94b6-4e51-9bfe-ba9bbc833df4,"3",campground,CA,-118.4727632,33.3877638
5c7b021d-276e-4cfa-8dc3-560acc43b17f,"2120-001",dispersed_camping,WA,-117.093519690504,48.6194872191112
5d92f68d-461f-4d13-bf24-03320f4d08bb,"WS1",dispersed_camping,UT,-109.799696,38.1224162
5f0b0732-2a34-4e1b-8652-fb087bd028d2,"4",campground,CA,-118.4922018,33.4417347
60291872-40d8-41fc-be7f-741f1f9dea9b,"53",campground,CA,-116.5854945,32.9056673
61e22f3b-a7db-4829-a8ea-9ddd9ed161ea,"SC19",campground,UT,-113.6397716,37.2029159
62113361-a58d-471d-8970-3fa209083168,"50",campground,CA,-116.5845645,32.9051124
661146bf-35a8-4ac3-a081-3a15f0b0da14,"72",campground,CA,-116.5834119,32.9030174
68fb422f-f94c-4057-9075-9646d0eedcb0,"61",campground,AZ,-111.4377165,31.6227061
6becf8e3-df0c-4652-a4d1-907de0160b8d,"4",campground,CA,-118.5498002,33.4730466
701ade57-0036-482a-bf85-53e9ddd30ac9,"1",campground,CA,-116.1207005,33.9989434
758826bd-7db9-45a1-b693-e3a195b1bf27,"6",campground,AZ,-111.4838285,31.7600869
76376444-3320-4585-ac1f-c60e746981ad,"5",campground,CA,-118.4726533,33.3873472
77886d34-c8bb-473b-babd-372a711758d3,"79",campground,AZ,-111.5112949,31.519197
79c19a3d-7873-4e79-aa69-b10640dcd0e3,"19",campground,AZ,-111.4349786,31.683772
7ae69db8-e1b9-41c1-b840-8d3bc0972727,"SC1",dispersed_camping,UT,-109.7422511,37.98436
7b1486be-0fae-46a6-8bef-93f3f62a8d91,"62",campground,AZ,-111.4423396,31.6165869
7bfde48f-69e2-49a2-90f9-599b91d1c25b,"54",campground,AZ,-111.3922632,31.6376439
7c54ce50-6f42-42ab-9df0-157e7c54cbd6,"71",campground,AZ,-111.4378539,31.5662192
7c6338ba-a308-479c-889e-7c0e366a75c4,"LC2",dispersed_camping,UT,-109.783401,38.1156197
7dbc5aef-f955-42b8-afff-97670175b08d,"30",campground,AZ,-111.4397684,31.656249
7ea1abec-f447-492c-9b5f-d786102de051,"7-Eleven",grocery,CA,-115.4968218,32.69346
7ecd0e6e-3635-4c48-b441-f5c5753a646f,"43",campground,CA,-118.4913609,33.4413083
7f50a841-09de-4b2f-9c5e-df995d5032b4,"29",campground,AZ,-111.4394116,31.6574385
7fa836c5-0edd-4dc0-9360-900304c1e22f,"7Charge",ev_charging,CA,-122.2616213,38.222731
7fb0a9f9-cee9-49b0-8519-90a5797db469,"302-006",dispersed_camping,WA,-117.06229427826,48.7554266115036
800c3c37-8816-49bd-8a97-265f61bb67de,"SR517RD-002",trailhead,OR,-116.451467486857,45.392613429512
82736d95-0158-4019-a8de-06eedfeb4d28,"7",campground,CA,-118.5505941,33.4727871
83690d49-2f63-47dc-afa5-96dfbfe58f85,"39",campground,AZ,-111.440786,31.642094
86ce78f2-65cc-4489-b797-6b68205e96e4,"6",campground,CA,-118.4726318,33.387009
88ef09fa-be2b-40fb-9b5d-5df4e10f11c7,"CS0593",campground,NV,-118.2670948,35.3009596
8c912d9c-2980-4c58-a460-f780d0a637d0,"24",campground,AZ,-111.4097142,31.6826383
8cd16e64-0309-464d-8ec7-d787b684990c,"1",campground,CA,-121.0095193,35.9779795
8d180148-a001-4192-84f5-6246dc8fb54c,"8",campground,AZ,-111.4847077,31.7176649
8e36b146-4e84-4d61-a463-bcc5455c31dd,"GLEASON-001",dispersed_camping,WA,-117.09542254041,48.5770770460868
8f7e601c-fafb-40fe-9f28-d6c45776f278,"3",campground,CA,-118.5490679,33.4733285
909d16a4-4e4b-40bc-84b1-dd1114e4c139,"WS2",dispersed_camping,UT,-109.804508,38.113509
90b34317-8fa8-4a60-9b29-39b2bd6a23aa,"CP3",dispersed_camping,UT,-109.8505765,38.1066798
929560d7-571e-4e72-bae4-f031712ddc81,"3",campground,CA,-118.4923248,33.4417243
92a90f53-fd15-4d84-a89e-44f09e40ea8d,"SC4",dispersed_camping,UT,-109.7707244,38.0553166
92b13f6c-0a56-40be-90b1-20a4aec77845,"B51",grocery,AZ,-112.1697608,33.4365146
949ecdb5-6462-49cf-ace6-7b23dde645d0,"32",campground,CA,-118.4921039,33.4394752
95408bf6-9d3d-40fd-b28a-e937b81f09f4,"72",campground,AZ,-111.5338772,31.5913766
9588af18-6b98-4835-a823-b3368327869b,"302-009A",dispersed_camping,WA,-117.054879585215,48.7086839292215
95934be5-e60d-410c-aa2a-42253799bc3c,"302-001",dispersed_camping,WA,-117.083086220626,48.7890661114543
9657e178-d3af-4528-9fdb-3e06c42e1529,"7",campground,CA,-118.4064825,33.3855299
9866adc2-b785-4fb9-b6e7-5e2f7f62a360,"1",campground,CA,-118.4055738,33.3852083
9ad1198e-c0c5-4839-a203-910a87f40cc5,"311-001",dispersed_camping,WA,-117.041914918808,48.692854729583
9c9a9763-9b72-4e41-9c7b-bd8b73046242,"711",grocery,CA,-117.582165,33.9084722
9cc583f1-c0ae-4364-af48-3f34a26f7ac8,"SC23",campground,UT,-113.640903,37.2053868
9cdadc9b-600a-41dd-83ae-1bf91c27aeff,"2",picnic_area,WA,-122.7800039,48.6433015
9d92fcf4-b9ff-4a8a-a8da-7ebfa4a5feca,"LC1",dispersed_camping,UT,-109.7769405,38.1208846
9e59ad42-985f-45ba-94b3-c9d9515d949f,"33",campground,CA,-118.4916265,33.4401333
9f5386ff-8c34-46fb-bdda-fe7cc5c0f919,"14",campground,CA,-118.471655,33.3865534
9f70c49c-1467-4569-a87f-12d578cd40c5,"32",campground,AZ,-111.4389501,31.6519591
a09e459d-6e1e-49a2-afc3-c4affb68ffae,"SC2",dispersed_camping,UT,-109.7416204,37.9860924
a1f2626d-7915-41f6-9c76-2362f7e2ff50,"302-002",dispersed_camping,WA,-117.074670498438,48.7867440322192
a2709d55-2778-42d6-8345-1b2160dca7b7,"7-Eleven",grocery,AZ,-112.0045374,33.6401882
a30e5874-3318-4f92-8765-2343a78d1325,"CP2",dispersed_camping,UT,-109.8502283,38.1054675
a43723b3-5792-4409-b0bc-d21e83533175,"SC16A",campground,UT,-113.6407498,37.2010388
a59da702-0fc7-40c9-86cd-39a3d2c04d37,"5",campground,CA,-118.4918813,33.4415892
a5c80621-e20b-444b-b124-2f55147ef180,"7-Eleven",grocery,CA,-117.3163472,34.1687751
aaa85f06-ecb0-4fdb-b805-76405f2a4111,"302-008",dispersed_camping,WA,-117.055869925558,48.7093051491549
abd52f30-6614-4c85-96c8-6d25ff525896,"12",campground,AZ,-111.3993905,31.6905193
acc6a202-ddac-45bb-a5f4-9e921b95d81f,"B1",picnic_area,UT,-111.503701,40.023626
ad5da0f9-52cb-4813-8ce1-5da6d2f59195,"2",campground,CA,-118.4923966,33.4416829
af98d97f-33ad-430c-b6a7-d0b365e58500,"2",campground,CA,-118.4056798,33.3851165
afce3c52-b94b-4e50-bdc8-031d6ca0ae11,"3",campground,OR,-122.6305416,42.6891558
affff7db-62e7-4b23-9bb3-98576c24acaa,"4",campground,CA,-121.010036,35.9785693
b03823f7-6f4f-4b7a-b0b1-1e2c7f261a0b,"39",campground,CA,-118.4911209,33.4406257
b0c6e924-231f-47f1-a935-2759219a5643,"26",campground,AZ,-111.4363968,31.6753912
b1bfb0d4-b849-4927-89b6-3ebc82281edf,"14",campground,AZ,-111.4164975,31.6908594
b3a6b73c-8097-4c00-aa62-576199ffb391,"45",campground,AZ,-111.4238441,31.6381193
b567ab0d-f74b-4b6d-bd2a-b59aaad6f732,"4",campground,CA,-118.4731614,33.3876194
b5d05b4f-48d1-485f-b261-a264a82af794,"43",campground,CA,-116.5840098,32.9034895
b6f625a5-f498-4ffd-93e7-d49d1e50d127,"57",campground,AZ,-111.3947222,31.6161308
b7423568-1c38-422f-ba3e-5c568ca31a12,"DP1",dispersed_camping,UT,-109.8632724,38.1299571
b7bdd6fe-e9e6-4fc1-b779-1dca3ccb5bdb,"4",campground,AZ,-111.4612694,31.7526293
bbb71014-89ce-4442-871e-4e7d4badd4ef,"2",campground,CA,-118.5484322,33.4732211
bdb77a66-4fde-41e7-969d-54559e47bf2f,"1",campground,AZ,-111.4099047,31.7686798
be941304-8bfb-4686-9cf1-06eab934b919,"9",campground,CA,-116.5802228,32.9069978
c08870e5-dd8c-47c4-9d59-c19acffc1e8d,"6",campground,CA,-118.5502347,33.4729929
c215e1ee-5f8b-4cf6-af08-451154ec6dbb,"73",campground,AZ,-111.548411,31.5928887
c3598d01-6136-4563-b9f2-264a209f3e17,"49",campground,AZ,-111.4068175,31.6318655
c444fa2b-88c6-4e52-907b-60ad68cc3555,"7",campground,CA,-116.5801772,32.9067691
c50171ac-4d89-4b75-8e83-1e4d5139df4e,"12",campground,CA,-116.5803727,32.9074868
c56ec503-3a66-49ab-9e1c-578011c634c9,"BS2",dispersed_camping,UT,-109.8124672,38.1267861
c73bd9af-81de-458b-97cd-52fe40eeda22,"16",campground,AZ,-111.4320806,31.6893496
ca099428-90f0-4f65-a4b1-c32a03f8c32a,"GLEASON-002",dispersed_camping,WA,-117.077654335478,48.5707993975948
ca17cb1c-2179-4f6f-b1c7-60e22437cef8,"3",campground,CA,-116.1191141,33.9992662
ca286584-0b2a-48fc-ab20-6d5285495500,"37",campground,AZ,-111.4398491,31.6445676
cafcc435-41f4-41dc-bb4e-7a731cc4bdf4,"311C-001",dispersed_camping,WA,-117.087443064207,48.6391685210767
cbf15463-d366-4018-8b16-91590995678a,"3",campground,CA,-118.4057817,33.3850437
cf835846-2425-407a-80aa-9e2dc0d04131,"35",campground,AZ,-111.4395703,31.6494532
d08cdb0e-f591-488c-ba30-b1f6117d27f9,"76",campground,AZ,-111.4780772,31.5557761
d0ef2cff-1d17-4942-baa0-6155039ede2e,"8",campground,CA,-116.5805154,32.9067816
d2611c1c-e7ac-4b77-a8bd-f7dc4875c41b,"7",campground,CA,-121.010502,35.9794007
d2e8fd99-439b-40be-923a-9562cb1fa1d2,"23",campground,AZ,-111.416527,31.6854776
d6c8917d-7302-4d11-b0fd-825c95b4a71e,"9",campground,CA,-118.4923654,33.441136
d746b56a-6248-48be-b03b-96b7bf3479cc,"15",campground,AZ,-111.427032,31.688936
d759aca1-f85c-478a-9608-567db89654fc,"63",campground,AZ,-111.443703,31.6117172
d8ecaafa-2799-4eb5-8eb0-1ea120495ad8,"67",campground,AZ,-111.4486835,31.59253
d9632c6a-eaab-4662-82d9-a9d759947652,"80",campground,CA,-116.5830854,32.9038414
dac76c0c-81b8-484a-b3e4-0f9d965da95a,"4",campground,CA,-116.580834,32.9062892
db1880ec-3c54-44e0-989e-6084bcd2f609,"91",campground,CA,-121.6491502,41.0189571
dc186cad-c526-4894-afc0-a9463aca90b9,"2",campground,CA,-116.1198819,33.9991345
dc22923d-9524-41b9-895c-38f2ac206ff7,"14",campground,CA,-116.5809402,32.9069094
dc34d94c-c724-4603-a0a2-be49d1f98580,"CP5",dispersed_camping,UT,-109.8524919,38.1097603
dc6faf52-1add-4f0b-a234-20246aed93c7,"9",campground,AZ,-111.4668815,31.7031662
e088c51d-fb84-43b9-95ec-c4cb7aa11dde,"401-004",dispersed_camping,WA,-117.048663723063,48.785139434949
e124313f-5f69-4462-bc66-f23fe857b23b,"36",campground,AZ,-111.4400197,31.6474701
e1914edf-bed6-4eb6-802b-5cd4b9cf5219,"58",campground,CA,-116.5849588,32.9042602
e1a4494e-0287-43bc-827e-5a33c219e5fe,"9",campground,CA,-118.4069149,33.3856753
e27bd212-62a4-4754-a39a-b2d5a2d4cc0a,"1",campground,CA,-118.5479441,33.4733822
e27fabc6-90a8-40c5-ab82-58b7a66900e1,"28",campground,AZ,-111.4394974,31.658902
e3935841-74a7-43fa-b636-e491ecebea40,"3",campground,AZ,-111.4111366,31.758882
e432c072-062c-4010-a9c3-e82d9572e131,"7Charge",ev_charging,CA,-121.9890974,38.240113
e693d840-9639-49db-8708-a41af9d7fb55,"LC3",dispersed_camping,UT,-109.7948259,38.1093537
e6f8eab2-488a-41f0-91db-735c6d12f94b,"26",campground,CA,-116.5851221,32.9061663
e801d4a7-68f8-4896-806a-2cbd90383ad9,"7-Eleven",grocery,CA,-117.2857046,33.9175368
e8d704f5-fc8b-4648-9868-a0a9d29e84db,"15",campground,CA,-118.4928174,33.4399486
e9a51fa2-3021-484a-a532-128df91d98fc,"A1",picnic_area,UT,-111.5022173,40.0216562
eb3963bc-3b04-4978-83f8-b842c4ffa02a,"56",campground,AZ,-111.3892222,31.6247548
eb8d6cba-bae4-42ad-ae2e-a40cd830319c,"27",campground,AZ,-111.4377299,31.6725674
eca5346d-c37e-4512-9c60-e01a9d5d47f9,"18",campground,AZ,-111.4353344,31.6862716
ed6b84c9-a17e-436d-8e05-c0a2a0a494d6,"17a",campground,CA,-118.4708628,33.3849738
ef3c330c-6c45-4b37-8e7a-31ff345aebec,"A4",picnic_area,UT,-111.5026411,40.0220768
ef44f866-6d26-4f76-9a1f-81c891b8006e,"10",campground,CA,-118.4066212,33.3859149
ef7b9e3c-10e6-4f01-8dc6-1488dd5a8a01,"3",campground,CA,-121.0099564,35.9783652
f0bcdff4-2309-4ca7-825d-5b4e4541127f,"EC2",dispersed_camping,UT,-109.8371808,38.1148205
f1182227-a2c7-46b4-85d9-6f7c123384fb,"43",campground,AZ,-111.4154474,31.6546843
f2f37d87-7118-4c50-a89e-6774fa03ae3c,"3",picnic_area,WA,-122.7798685,48.6433165
f844b917-b4bc-46b1-8b05-7d397cdad86c,"2",campground,AZ,-111.4070052,31.768714
f893da35-64a9-41a1-9965-3baea25d57d7,"67",campground,CA,-116.5837492,32.9030244
f8ab72bd-c30f-4811-95f2-214f81902cb5,"3",dispersed_camping,OR,-121.7736356,44.2309981
fb5ecfc2-d698-4650-a839-69085aa8d6fe,"SC3",dispersed_camping,UT,-109.7640202,38.0390713
fb6dacb7-ee4b-4f0a-bd8f-66ab8fa4cb31,"6",picnic_area,WA,-122.7794366,48.6433484
fcb87954-3087-4f56-9547-2c5936751b26,"47",campground,AZ,-111.413557,31.6277626
fd3692f3-3941-4c7a-9b90-31ae83b2ede6,"41",campground,AZ,-111.4407822,31.6406957
fd595c3e-4f45-4ddf-91f3-d149a46bdd6d,"8",campground,CA,-118.4065072,33.3856988
fd88f518-8111-43b2-b1cf-ebe894856173,"311C-004",dispersed_camping,WA,-117.088679574174,48.6380793708702
fe62f52d-0517-480c-a62c-14baf62f02a7,"C7",campground,OR,-122.347214,42.381349
ff9dbcf9-bc01-41eb-985a-7e6026e18026,"5",campground,CA,-121.0099649,35.9787965
